Gabriel Marques,Testando Batch,1, 1
Gabriel Marques,Testando Batch,1, 1
Gabriel Marques,Testando Batch,1, 1
Gabriel Marques,Testando Batch,1, 2
Gabriel Marques,Testando Batch,1, 3
Gabriel Marques,Testando Batch,1, 4
Gabriel Marques,Testando Batch,1, 5
Gabriel Marques,Testando Batch,1, 7
Gabriel Marques,Testando Batch,1, 8
Gabriel Marques,Testando Batch,1, 9
Gabriel Marques,Testando Batch,2, 1
Gabriel Marques,Testando Batch,1, 1
Gabriel Marques,Testando Batch,1, 1
Gabriel Marques,Testando Batch,1, 1
Gabriel Marques,Testando Batch,1, 1
Gabriel Marques,Testando Batch,1, 1
Gabriel Marques,Testando Batch,1, 1
Gabriel Marques,Testando Batch,1, 1
Gabriel Marques,Testando Batch,1, 1
Gabriel Marques,Testando Batch,1, 1
Gabriel Marques,Testando Batch,1, 1
Gabriel Marques,Testando Batch,1, 1
Gabriel Marques,Testando Batch,1, 1
Gabriel Marques,Testando Batch,1, 1
Gabriel Marques,Testando Batch,1, 1
Gabriel Marques,Testando Batch,1, 1
Gabriel Marques,Testando Batch,1, 1
Gabriel Marques,Testando Batch,1, 1
Gabriel Marques,Testando Batch,1, 1
Gabriel Marques,Testando Batch,1, 1
